Model,Accuracy,Precision,Recall,F1_Score
Statistical,0.89273,0.743253817998233,0.981466666666667,0.845909645909646
SVM,0.95319,0.983833365182496,0.858066666666667,0.916656280601798
Random Forest,0.99887,0.999598809802414,0.996633333333333,0.998113868905543
KNN,0.93024,0.968615159163071,0.793166666666667,0.872154821683833
LSTM,0.96296,0.999771932492018,0.876733333333333,0.934218938694324
Rule-Based,0.63092,0.410033340279225,0.524733333333333,0.460346239326237
ENSEMBLE,0.99645,0.991315588849481,0.9969,0.994099951802423
